<?xml version="1.0" encoding="utf-8"?>
<extension type="module" version="4.0" client="site" method="upgrade">
    <name>mod_db8sitelastmodified</name>
    <author>Peter Martin</author>
    <creationDate>March 2022</creationDate>
    <copyright>Copyright (C) 2014-2022 by Peter Martin. All rights reserved.</copyright>
    <license>GNU General Public License version 2</license>
    <authorEmail>joomla@db8.nl</authorEmail>
    <authorUrl>https://db8.nl</authorUrl>
    <version>4.0.1</version>
    <description>MOD_DB8SITELASTMODIFIED_XML_DESCRIPTION</description>

    <namespace path="src">Db8\Module\Db8SiteLastModified</namespace>

    <files>
        <filename module="mod_db8sitelastmodified">mod_db8sitelastmodified.php</filename>
        <filename>helper.php</filename>
        <folder>language</folder>
        <folder>src</folder>
        <folder>tmpl</folder>
    </files>

    <config>
        <fields name="params">
            <fieldset name="basic">

                <field
                        name="datedisplay"
                        type="list"
                        default="0"
                        label="MOD_DB8SITELASTMODIFIED_SHOW_DATE_DISPLAY_LABEL"
                        description="MOD_DB8SITELASTMODIFIED_SHOW_DATE_DISPLAY_DESC">
                    <option value="0">MOD_DB8SITELASTMODIFIED_BOTH</option>
                    <option value="1">MOD_DB8SITELASTMODIFIED_MODIFIED</option>
                    <option value="2">MOD_DB8SITELASTMODIFIED_CREATED</option>
                </field>

                <field
                        name="text_pre"
                        type="text"
                        filter="raw"
                        default="Last Modified: "
                        label="MOD_DB8SITELASTMODIFIED_TEXT_PRE_LABEL"
                        description="MOD_DB8SITELASTMODIFIED_TEXT_PRE_DESCR"/>

                <field
                        name="dateformat"
                        type="text"
                        default="l d F Y, H:i:s"
                        label="MOD_DB8SITELASTMODIFIED_DATETIME_FORMAT_LABEL"
                        description="MOD_DB8SITELASTMODIFIED_DATETIMEFORMAT_DESCR"/>

                <field
                        name="text_post"
                        type="text"
                        filter="raw"
                        default="."
                        label="MOD_DB8SITELASTMODIFIED_TEXT_POST_LABEL"
                        description="MOD_DB8SITELASTMODIFIED_TEXT_POST_DESCR"/>
            </fieldset>

            <fieldset name="advanced">
                <field
                        name="layout"
                        type="modulelayout"
                        label="JFIELD_ALT_LAYOUT_LABEL"
                        class="form-select"
                        validate="moduleLayout"
                />

                <field
                        name="moduleclass_sfx"
                        type="textarea"
                        label="COM_MODULES_FIELD_MODULECLASS_SFX_LABEL"
                        rows="3"
                        validate="CssIdentifier"
                />

                <field
                        name="cache"
                        type="list"
                        label="COM_MODULES_FIELD_CACHING_LABEL"
                        default="1"
                        filter="integer"
                        validate="options"
                >
                    <option value="1">JGLOBAL_USE_GLOBAL</option>
                    <option value="0">COM_MODULES_FIELD_VALUE_NOCACHING</option>
                </field>

                <field
                        name="cache_time"
                        type="number"
                        label="COM_MODULES_FIELD_CACHE_TIME_LABEL"
                        default="900"
                        filter="integer"
                />

                <field
                        name="cachemode"
                        type="hidden"
                        default="static"
                >
                    <option value="static"></option>
                </field>
            </fieldset>

        </fields>
    </config>

    <updateservers>
        <server type="extension" name="mod_db8sitelastmodified">https://raw.githubusercontent.com/pe7er/mod_db8sitelastmodified/master/update.xml</server>
    </updateservers>

</extension>
